City_ID,City,Lat,Lng,Max Temp,Humidity,Cloudiness,Wind Speed,Country,Date
0,chokurdakh,70.6333,147.9167,-31.94,96,100,2.44,RU,02/08/2023 22:42:43
1,verkhoyansk,67.5447,133.385,-43.1,95,75,0.33,RU,02/08/2023 22:46:23
2,albany,42.6001,-73.9662,0.15,80,81,1.23,US,02/08/2023 22:41:57
3,cidreira,-30.1811,-50.2056,24.49,83,24,8.46,BR,02/08/2023 22:40:27
4,vaini,-21.2,-175.2,29.09,79,75,2.06,TO,02/08/2023 22:41:55
5,tiksi,71.6872,128.8694,-39.37,98,59,2.35,RU,02/08/2023 22:43:01
6,port alfred,-7.0349,29.7638,21.43,81,100,1.42,CD,02/08/2023 22:46:24
7,yellowknife,62.456,-114.3525,-21.36,84,75,4.12,CA,02/08/2023 22:42:14
8,bluff,-46.6,168.3333,13.22,56,77,8.33,NZ,02/08/2023 22:41:54
9,east london,65.0,-15.0,-6.14,73,52,12.18,IS,02/08/2023 22:46:24
10,butaritari,3.0707,172.7902,27.42,82,65,9.15,KI,02/08/2023 22:42:30
11,arraial do cabo,-22.8362,-46.646,16.13,97,7,1.95,BR,02/08/2023 22:46:25
12,hastings,50.8552,0.5729,4.73,55,90,3.28,GB,02/08/2023 22:43:51
13,busselton,-33.65,115.3333,27.94,35,0,1.3,AU,02/08/2023 22:41:54
14,punta arenas,8.9897,125.34,27.19,76,89,1.48,PH,02/08/2023 22:46:26
15,vanimo,-2.6741,141.3028,25.35,92,100,4.74,PG,02/08/2023 22:43:31
16,namibe,-15.1961,12.1522,20.53,76,98,2.82,AO,02/08/2023 22:45:46
17,alice springs,27.7523,-98.0697,11.69,72,68,1.66,US,02/08/2023 22:46:27
18,flinders,-34.5833,150.8552,23.92,87,100,1.79,AU,02/08/2023 22:45:56
19,georgetown,5.4112,100.3354,28.96,83,20,3.09,MY,02/08/2023 22:39:00
20,kahului,20.8947,-156.47,24.36,69,20,7.2,US,02/08/2023 22:43:33
21,tasiilaq,65.6145,-37.6368,-14.91,54,96,4.36,GL,02/08/2023 22:40:28
22,fairbanks,64.8378,-147.7164,-14.67,84,40,0.0,US,02/08/2023 22:43:46
23,husavik,66.0449,-17.3389,-5.1,93,52,7.62,IS,02/08/2023 22:42:41
24,cape town,-36.413,-71.9028,16.41,57,0,2.62,CL,02/08/2023 22:46:29
25,new norfolk,6.6518,-10.5932,23.23,94,69,1.06,LR,02/08/2023 22:44:12
26,muli,2.9167,73.5667,27.42,71,96,3.8,MV,02/08/2023 22:46:30
27,hambantota,6.1241,81.1185,28.19,78,20,4.12,LK,02/08/2023 22:42:56
28,qaanaaq,77.484,-69.3632,-31.69,64,14,2.71,GL,02/08/2023 22:42:11
29,griffith,41.5284,-87.4237,3.96,76,100,2.57,US,02/08/2023 22:44:31
30,rikitea,-23.1203,-134.9692,26.75,73,4,6.4,PF,02/08/2023 22:41:56
31,camacha,33.0833,-16.3333,12.68,62,40,5.14,PT,02/08/2023 22:46:31
32,hithadhoo,-0.6,73.0833,27.54,72,77,4.35,MV,02/08/2023 22:42:34
33,clyde river,41.3042,-82.9752,4.25,81,100,2.57,US,02/08/2023 22:46:32
34,vila franca do campo,42.0304,-8.1588,1.49,81,0,1.89,PT,02/08/2023 22:46:33
35,nizwa,22.9333,57.5333,23.21,27,2,0.6,OM,02/08/2023 22:46:33
36,ust-nera,64.5667,143.2,-35.57,95,87,0.69,RU,02/08/2023 22:46:35
37,college,64.8569,-147.8028,-14.68,84,75,0.0,US,02/08/2023 22:44:38
38,dingle,10.9995,122.6711,27.8,72,97,7.12,PH,02/08/2023 22:43:00
39,kushmurun,52.4503,64.6311,-18.99,96,100,3.98,KZ,02/08/2023 22:46:37
40,dikson,73.5069,80.5464,-19.01,85,89,6.12,RU,02/08/2023 22:43:22
41,shache,38.4167,77.2406,-0.42,52,26,1.5,CN,02/08/2023 22:46:39
42,mataura,-46.1927,168.8643,13.04,62,87,3.91,NZ,02/08/2023 22:42:00
43,alofi,-19.0595,-169.9187,29.94,70,75,3.6,NU,02/08/2023 22:46:41
44,san patricio,13.3034,-4.8956,24.82,15,0,3.94,ML,02/08/2023 22:41:44
45,kapaa,22.0752,-159.319,26.99,71,0,8.75,US,02/08/2023 22:42:20
46,omsukchan,62.5333,155.8,-34.2,96,31,2.42,RU,02/08/2023 22:43:50
47,ushuaia,-54.8,-68.3,9.81,87,20,4.12,AR,02/08/2023 22:38:09
48,hermanus,-34.4187,19.2345,19.89,83,76,5.1,ZA,02/08/2023 22:42:32
49,luwingu,-10.2621,29.9271,16.27,88,100,1.85,ZM,02/08/2023 22:46:41
50,zabaykalsk,49.6333,117.3167,-18.13,96,100,1.87,RU,02/08/2023 22:46:42
51,bac can,45.3919,19.2367,-2.6,72,3,4.02,RS,02/08/2023 22:46:42
52,matamoros,25.5333,-103.25,11.73,32,0,1.75,MX,02/08/2023 22:46:43
53,bathsheba,13.2167,-59.5167,25.34,78,40,8.75,BB,02/08/2023 22:42:39
54,tuktoyaktuk,69.4541,-133.0374,-37.0,74,20,1.54,CA,02/08/2023 22:43:50
55,matara,5.9485,80.5353,28.17,65,33,1.61,LK,02/08/2023 22:46:43
56,tezu,27.9167,96.1667,22.99,33,71,1.44,IN,02/08/2023 22:46:43
57,dicabisagan,17.0818,122.4157,27.08,63,80,3.01,PH,02/08/2023 22:46:44
58,ponta do sol,38.7333,-28.2667,9.26,72,98,3.62,PT,02/08/2023 22:46:44
59,barrow,71.2906,-156.7887,-20.99,77,100,0.0,US,02/08/2023 22:42:02
60,honiara,-9.4333,159.95,29.81,67,53,2.56,SB,02/08/2023 22:46:45
61,olavarria,-36.8927,-60.3225,19.45,65,27,3.86,AR,02/08/2023 22:46:45
62,shingu,33.7333,135.9833,11.72,34,56,1.57,JP,02/08/2023 22:44:26
63,ulaangom,49.9811,92.0667,-22.14,92,99,0.72,MN,02/08/2023 22:46:45
64,jinzhou,41.1078,121.1417,1.11,35,100,3.45,CN,02/08/2023 22:46:46
65,choszczno,53.169,15.4205,-4.56,66,10,4.21,PL,02/08/2023 22:46:46
66,asau,46.4333,26.4,-15.4,87,10,2.17,RO,02/08/2023 22:46:03
67,bredasdorp,-34.5322,20.0403,18.06,83,1,3.91,ZA,02/08/2023 22:42:46
68,goure,13.9835,10.2704,16.62,22,4,4.55,NE,02/08/2023 22:46:46
69,myaundzha,63.0494,147.1858,-34.99,96,50,0.86,RU,02/08/2023 22:46:47
70,saldanha,-33.0117,17.9442,18.46,79,20,3.57,ZA,02/08/2023 22:42:47
71,ayolas,-27.4,-56.9,27.5,32,82,3.36,PY,02/08/2023 22:46:47
72,nikolskoye,59.7035,30.7861,1.94,93,100,4.63,RU,02/08/2023 22:42:45
73,ribeira grande,42.7461,-8.4439,5.96,84,0,2.06,ES,02/08/2023 22:46:48
74,vaux-sur-sure,49.9115,5.5744,-3.52,82,0,1.39,BE,02/08/2023 22:46:48
75,rio grande,38.3,21.7833,5.42,59,94,8.7,GR,02/08/2023 22:46:48
76,katsuura,35.1333,140.3,8.76,38,79,4.33,JP,02/08/2023 22:44:48
77,cedar city,41.2122,-92.5257,3.12,81,100,2.06,US,02/08/2023 22:46:49
78,cockburn town,-32.0833,141.0,34.35,11,0,3.43,AU,02/08/2023 22:45:59
79,upington,-28.4478,21.2561,20.76,59,2,3.69,ZA,02/08/2023 22:46:49
80,amberley,39.2048,-84.428,10.17,93,100,2.06,US,02/08/2023 22:46:49
81,ixtapa,20.7,-105.2,21.57,78,0,2.06,MX,02/08/2023 22:46:50
82,coahuayana,18.7333,-103.6833,21.34,91,3,1.35,MX,02/08/2023 22:46:50
83,hualmay,-11.0964,-77.6139,22.41,85,24,3.18,PE,02/08/2023 22:42:35
84,codrington,-38.2667,141.9667,21.29,59,2,5.16,AU,02/08/2023 22:42:48
85,khatanga,71.9667,102.5,-42.68,99,64,1.71,RU,02/08/2023 22:42:11
86,ranong,9.9658,98.6348,30.96,59,78,1.48,TH,02/08/2023 22:46:51
87,byron bay,44.0327,-92.6455,0.97,84,0,4.12,US,02/08/2023 22:46:51
88,flin flon,48.4982,6.6557,-7.23,65,0,0.77,FR,02/08/2023 22:46:51
89,conde,-7.2597,-34.9075,24.7,88,20,2.06,BR,02/08/2023 22:46:52
90,nikolayevka,53.1257,47.2041,-7.71,95,100,2.74,RU,02/08/2023 22:46:52
91,hilo,19.7297,-155.09,24.85,69,75,4.63,US,02/08/2023 22:42:31
92,bambous virieux,-20.2567,57.4061,26.74,78,27,5.19,MU,02/08/2023 22:46:52
93,tilichiki,60.4667,166.1,-24.15,87,77,4.4,RU,02/08/2023 22:46:53
94,avarua,-21.2078,-159.775,28.03,74,40,5.66,CK,02/08/2023 22:43:04
95,muros,42.7762,-9.0603,7.13,85,0,4.33,ES,02/08/2023 22:42:14
96,valparaiso,-33.0393,-71.6273,16.8,88,100,0.51,CL,02/08/2023 22:46:53
97,lagoa,39.05,-27.9833,13.59,73,100,5.57,PT,02/08/2023 22:43:44
98,springfield,37.2153,-93.2982,11.23,96,100,4.12,US,02/08/2023 22:46:53
99,tura,25.5198,90.2201,22.98,39,48,1.31,IN,02/08/2023 22:42:15
100,veere,51.5483,3.6667,3.0,77,90,6.17,NL,02/08/2023 22:46:54
101,nha trang,27.9145,86.719,-3.94,32,0,2.22,NP,02/08/2023 22:46:54
102,puerto ayora,36.5939,-6.233,12.36,82,0,5.66,ES,02/08/2023 22:46:54
103,lucapa,-8.4192,20.7447,17.56,96,100,1.76,AO,02/08/2023 22:46:55
104,santa cruz del norte,17.486,120.4348,30.57,66,31,4.05,PH,02/08/2023 22:46:55
105,chebenki,51.9337,55.7077,-16.14,96,100,2.48,RU,02/08/2023 22:46:55
106,lebu,-37.6167,-73.65,14.75,95,5,4.59,CL,02/08/2023 22:42:44
107,hobart,-42.8794,147.3294,21.82,56,75,4.63,AU,02/08/2023 22:40:30
108,dir,35.2058,71.8756,4.6,72,100,2.13,PK,02/08/2023 22:46:56
109,mahebourg,-20.4081,57.7,27.36,83,75,5.14,MU,02/08/2023 22:42:35
110,porto novo,41.1496,-8.611,9.55,62,0,2.24,PT,02/08/2023 22:46:56
111,juba,4.8517,31.5825,21.94,29,40,1.21,SS,02/08/2023 22:46:14
112,ugoofaaru,5.6667,73.0,26.72,71,58,2.0,MV,02/08/2023 22:45:22
113,hamilton,39.1834,-84.5333,10.4,93,100,4.12,US,02/08/2023 22:42:39
114,isangel,-19.55,169.2667,27.06,89,100,4.12,VU,02/08/2023 22:43:30
115,nemuro,43.3236,145.575,-6.34,76,56,9.77,JP,02/08/2023 22:46:57
116,pacific grove,38.482,-90.7415,6.77,93,100,0.89,US,02/08/2023 22:46:57
117,jamestown,42.097,-79.2353,-0.2,92,0,2.57,US,02/08/2023 22:40:52
118,kodiak,57.79,-152.4072,-4.27,36,0,3.09,US,02/08/2023 22:42:44
119,bani walid,18.2833,-70.3333,23.25,78,36,6.8,DO,02/08/2023 22:46:57
120,thompson,55.7435,-97.8558,-12.91,72,100,5.66,CA,02/08/2023 22:42:37
121,richards bay,46.8361,-95.9123,-0.25,93,75,0.0,US,02/08/2023 22:46:58
122,ahipara,-35.1667,173.1667,20.85,56,27,4.47,NZ,02/08/2023 22:44:59
123,guiyang,26.5833,106.7167,7.27,87,100,2.0,CN,02/08/2023 22:46:58
124,alyangula,-13.8483,136.4192,30.26,66,100,1.59,AU,02/08/2023 22:44:27
125,carnarvon,-24.8667,113.6333,30.79,53,63,6.73,AU,02/08/2023 22:44:01
126,port elizabeth,-7.0349,29.7638,21.43,81,100,1.42,CD,02/08/2023 22:46:24
127,poum,-20.2333,164.0167,27.46,81,99,5.34,NC,02/08/2023 22:46:59
128,neiafu,-18.65,-173.9833,26.38,89,75,2.57,TO,02/08/2023 22:46:59
129,chimbote,-9.0853,-78.5783,21.96,86,9,2.26,PE,02/08/2023 22:47:00
130,kahramanmaras,38.0,37.0,-15.58,95,33,1.17,TR,02/08/2023 22:47:00
131,lata,40.1629,-8.3327,6.71,79,11,2.88,PT,02/08/2023 22:42:30
132,sao filipe,20.5113,76.2129,23.2,16,99,1.96,IN,02/08/2023 22:46:52
133,provideniya,64.3833,-173.3,-19.94,65,100,5.0,RU,02/08/2023 22:42:23
134,krasnogvardeyskiy,57.3793,62.3195,-13.15,93,61,2.51,RU,02/08/2023 22:47:01
135,mar del plata,43.4002,-4.0094,6.12,93,0,2.24,ES,02/08/2023 22:47:01
136,longyearbyen,78.2186,15.6401,-6.09,79,100,6.69,SJ,02/08/2023 22:43:38
137,lorengau,-2.0226,147.2712,28.72,67,100,4.53,PG,02/08/2023 22:42:55
138,salalah,17.0151,54.0924,19.05,63,0,1.03,OM,02/08/2023 22:47:02
139,poso,-1.3959,120.7524,29.76,63,99,3.0,ID,02/08/2023 22:47:03
140,bethel,41.3712,-73.414,4.89,61,0,2.57,US,02/08/2023 22:42:47
141,victoria,22.2855,114.1577,21.03,83,96,6.71,HK,02/08/2023 22:42:15
142,severo-kurilsk,50.6789,156.125,-4.79,56,87,9.83,RU,02/08/2023 22:44:32
143,khasan,42.4308,130.6434,-2.22,42,27,2.92,RU,02/08/2023 22:47:04
144,melfort,52.8667,-104.6177,-9.93,73,54,3.6,CA,02/08/2023 22:47:04
145,atbasar,51.8,68.3333,-28.46,100,79,0.7,KZ,02/08/2023 22:47:05
146,palmer,42.1584,-72.3287,4.49,69,75,3.09,US,02/08/2023 22:38:31
147,port hedland,-7.0349,29.7638,21.43,81,100,1.42,CD,02/08/2023 22:47:05
148,superior,46.7208,-92.1041,2.49,87,100,2.57,US,02/08/2023 22:47:06
149,puerto rondon,36.5939,-6.233,12.36,82,0,5.66,ES,02/08/2023 22:47:06
150,lensk,60.7253,114.9278,-22.94,95,98,1.63,RU,02/08/2023 22:43:20
151,deputatskiy,69.3,139.9,-40.4,97,91,1.55,RU,02/08/2023 22:47:07
152,sioux lookout,42.7333,-96.2336,3.17,100,0,0.0,US,02/08/2023 22:47:07
153,saint-augustin,51.226,-58.6502,-10.43,78,99,9.23,CA,02/08/2023 22:44:45
154,upata,8.0086,-62.3989,21.77,89,16,2.14,VE,02/08/2023 22:47:08
155,trelew,-43.249,-65.3051,22.82,41,52,11.7,AR,02/08/2023 22:47:08
156,torbay,47.6666,-52.7314,-0.79,96,100,6.69,CA,02/08/2023 22:44:12
157,cururupu,-1.8283,-44.8683,23.16,96,99,0.82,BR,02/08/2023 22:42:21
158,nouakchott,18.0858,-15.9785,19.96,31,100,6.03,MR,02/08/2023 22:47:09
159,portland,45.5234,-122.6762,8.39,80,75,1.79,US,02/08/2023 22:42:52
160,yulara,-25.2406,130.9889,38.68,12,5,2.54,AU,02/08/2023 22:44:50
161,castro,-24.7911,-50.0119,16.21,95,12,2.39,BR,02/08/2023 22:43:09
162,marystown,47.1666,-55.1483,-1.96,92,96,5.11,CA,02/08/2023 22:47:09
163,tomatlan,19.9333,-105.25,17.59,89,4,0.89,MX,02/08/2023 22:47:10
164,luba,3.4568,8.5547,26.94,84,89,1.5,GQ,02/08/2023 22:47:10
165,mahajanga,-15.7167,46.3167,24.01,94,20,2.06,MG,02/08/2023 22:47:11
166,fortuna,40.5982,-124.1573,7.19,94,0,0.0,US,02/08/2023 22:43:05
167,saskylakh,71.9167,114.0833,-41.37,98,54,3.04,RU,02/08/2023 22:42:26
168,praya,14.9215,-23.5087,20.3,77,75,5.66,CV,02/08/2023 22:44:24
169,upernavik,72.7868,-56.1549,-34.6,84,2,3.81,GL,02/08/2023 22:43:03
170,impfondo,1.6381,18.0667,19.91,53,7,0.38,CG,02/08/2023 22:43:48
171,guerrero negro,17.6667,-100.0,17.01,81,3,2.49,MX,02/08/2023 22:47:11
172,nova olinda do norte,-5.5279,-46.7049,20.7,96,52,1.44,BR,02/08/2023 22:47:12
173,sakakah,29.9697,40.2064,4.76,81,84,2.28,SA,02/08/2023 22:47:12
174,luena,-11.7833,19.9167,15.65,89,100,1.71,AO,02/08/2023 22:47:13
175,jiaohe,43.7286,127.3447,-9.05,80,75,0.2,CN,02/08/2023 22:47:13
176,namatanai,-3.6667,152.4333,28.25,72,98,3.14,PG,02/08/2023 22:47:14
177,grand river south east,38.8755,-109.5012,0.55,56,4,2.47,US,02/08/2023 22:47:14
178,aasiaat,68.7098,-52.8699,-26.18,88,92,2.9,GL,02/08/2023 22:45:19
179,challapata,-18.9,-66.7667,8.69,82,100,1.8,BO,02/08/2023 22:47:15
180,tuatapere,-46.1333,167.6833,13.96,57,79,4.99,NZ,02/08/2023 22:43:20
181,batsfjord,70.6345,29.7185,2.96,75,40,16.98,NO,02/08/2023 22:47:16
182,monrovia,6.3005,-10.7969,22.87,85,88,1.81,LR,02/08/2023 22:44:28
183,waipawa,-41.4122,175.5153,13.48,80,96,4.45,NZ,02/08/2023 22:44:38
184,atuona,-9.8,-139.0333,26.22,79,46,10.06,PF,02/08/2023 22:42:04
185,nouadhibou,20.931,-17.0347,16.99,63,100,3.09,MR,02/08/2023 22:42:46
186,charcas,23.1333,-101.1167,13.06,57,74,2.51,MX,02/08/2023 22:47:17
187,aykhal,66.0,111.5,-30.04,99,97,3.2,RU,02/08/2023 22:47:17
188,faanui,-16.4833,-151.75,27.38,71,9,3.15,PF,02/08/2023 22:44:00
189,zvishavane,-20.3267,30.0665,19.17,81,11,0.61,ZW,02/08/2023 22:47:18
190,makakilo city,21.3524,-158.0865,24.64,57,0,6.17,US,02/08/2023 22:47:18
191,kaitangata,-46.2817,169.8464,14.06,53,83,4.58,NZ,02/08/2023 22:43:12
192,luderitz,-26.6481,15.1594,16.97,96,67,4.5,NA,02/08/2023 22:43:35
193,ust-maya,60.4167,134.5333,-31.92,93,99,0.95,RU,02/08/2023 22:47:19
194,pendleton,45.6721,-118.7886,4.11,69,0,3.6,US,02/08/2023 22:47:20
195,san quintin,13.3034,-4.8956,24.82,15,0,3.94,ML,02/08/2023 22:47:20
196,awbari,26.5921,12.7805,10.13,49,43,7.38,LY,02/08/2023 22:45:46
197,daru,-9.0763,143.2092,28.44,80,96,4.03,PG,02/08/2023 22:44:37
198,rach gia,47.1737,14.591,-11.56,79,0,1.03,AT,02/08/2023 22:47:21
199,norman wells,35.2226,-97.4395,1.7,96,100,4.63,US,02/08/2023 22:47:11
200,junagarh,19.8667,82.9333,25.9,22,16,1.36,IN,02/08/2023 22:47:21
201,kudahuvadhoo,2.6708,72.8944,27.25,71,88,3.64,MV,02/08/2023 22:47:22
202,taunton,51.0211,-3.1047,8.31,96,100,2.36,GB,02/08/2023 22:47:22
203,kurchum,48.5722,83.6542,-9.02,90,100,0.11,KZ,02/08/2023 22:47:23
204,belyy yar,55.8402,32.9419,-3.01,96,99,1.9,RU,02/08/2023 22:47:23
205,bengkulu,-3.8004,102.2655,28.52,63,96,2.2,ID,02/08/2023 22:42:42
206,seydi,39.4816,62.9137,0.79,92,70,7.48,TM,02/08/2023 22:47:24
207,port lincoln,-7.0349,29.7638,21.43,81,100,1.42,CD,02/08/2023 22:47:24
208,grand gaube,38.8755,-109.5012,0.55,56,4,2.47,US,02/08/2023 22:47:24
209,saint-philippe,-21.3585,55.7679,26.77,82,67,5.18,RE,02/08/2023 22:42:23
210,pahrump,36.2083,-115.9839,12.36,35,0,1.34,US,02/08/2023 22:43:35
211,yaan,7.3833,8.5667,23.73,37,100,2.01,NG,02/08/2023 22:46:05
212,sola,-13.8833,167.55,31.37,70,75,1.54,VU,02/08/2023 22:47:25
213,remanso,-9.6179,-42.0831,23.51,46,0,2.19,BR,02/08/2023 22:47:26
214,faya,18.3851,42.4509,8.29,60,39,1.73,SA,02/08/2023 22:43:40
215,tabuk,17.4189,121.4443,24.42,77,100,2.51,PH,02/08/2023 22:46:03
216,bairiki,1.3292,172.9752,30.0,74,75,7.72,KI,02/08/2023 22:47:26
217,panguna,-6.3164,155.4848,26.6,66,100,1.39,PG,02/08/2023 22:47:27
218,maragogi,-9.0122,-35.2225,25.27,81,98,2.29,BR,02/08/2023 22:45:41
219,talnakh,69.4865,88.3972,-19.33,95,100,4.08,RU,02/08/2023 22:44:22
220,sinnamary,5.3833,-52.95,23.99,90,99,4.73,GF,02/08/2023 22:44:31
221,yeppoon,-23.1333,150.7333,29.88,61,92,10.31,AU,02/08/2023 22:47:28
222,dongsheng,39.8161,109.9776,-1.33,62,46,6.54,CN,02/08/2023 22:47:28
223,marzuq,14.4,46.4667,17.93,27,55,0.23,YE,02/08/2023 22:47:29
224,surt,31.2089,16.5887,13.52,66,0,11.57,LY,02/08/2023 22:47:29
225,erzin,36.9559,36.2,0.52,52,0,1.57,TR,02/08/2023 22:47:30
226,charters towers,38.5736,-83.4333,10.66,49,100,2.64,US,02/08/2023 22:47:30
227,nogliki,51.8333,143.1667,-23.14,75,11,6.33,RU,02/08/2023 22:47:30
228,touros,-5.1989,-35.4608,26.01,81,13,5.0,BR,02/08/2023 22:44:04
229,iqaluit,63.7506,-68.5145,-33.15,68,0,11.83,CA,02/08/2023 22:42:45
230,huarmey,-10.0681,-78.1522,22.44,85,8,2.48,PE,02/08/2023 22:44:27
231,podor,16.6527,-14.9587,20.97,52,0,2.06,MR,02/08/2023 22:47:31
232,mys shmidta,62.0589,48.6201,-7.56,95,50,3.87,RU,02/08/2023 22:47:31
233,cartagena,10.3997,-75.5144,25.79,78,0,2.57,CO,02/08/2023 22:43:38
234,chardara,41.2547,67.9692,1.09,89,100,4.87,KZ,02/08/2023 22:47:32
235,airai,-8.9266,125.4092,20.65,77,98,1.88,TL,02/08/2023 22:43:13
236,shimoda,34.6667,138.95,11.2,54,96,5.68,JP,02/08/2023 22:47:32
237,cabedelo,-6.9811,-34.8339,25.37,82,65,4.36,BR,02/08/2023 22:47:33
238,geraldton,-28.7667,114.6,30.23,45,0,6.69,AU,02/08/2023 22:43:23
239,narsaq,60.9167,-46.05,-8.88,93,100,4.07,GL,02/08/2023 22:43:38
240,ayan,56.45,138.1667,-23.8,59,61,1.36,RU,02/08/2023 22:45:46
241,shitkino,56.3703,98.3543,-9.8,93,100,1.07,RU,02/08/2023 22:47:34
242,vao,-22.6667,167.4833,26.16,81,100,6.2,NC,02/08/2023 22:40:26
243,baykit,61.67,96.37,-15.55,97,99,0.71,RU,02/08/2023 22:47:34
244,yaring,6.8662,101.3689,27.81,71,100,4.53,TH,02/08/2023 22:47:34
245,bara,10.3744,10.7288,19.93,22,90,3.62,NG,02/08/2023 22:47:35
246,mount gambier,53.6597,-1.8537,5.51,88,100,2.74,GB,02/08/2023 22:47:35
247,inhapim,-19.5492,-42.12,22.33,97,100,1.72,BR,02/08/2023 22:47:36
248,beloha,-25.1667,45.05,24.29,75,100,3.7,MG,02/08/2023 22:47:36
249,lavrentiya,65.5833,-171.0,-24.44,97,100,1.12,RU,02/08/2023 22:45:37
250,toyooka,35.5333,134.8333,6.03,65,75,4.63,JP,02/08/2023 22:47:36
251,coromandel,-18.4733,-47.2003,19.67,88,100,1.6,BR,02/08/2023 22:47:00
252,havoysund,70.9963,24.6622,1.13,79,100,10.58,NO,02/08/2023 22:47:37
253,fram,-26.9833,-55.8833,28.33,37,30,2.07,PY,02/08/2023 22:47:37
254,calabozo,8.9242,-67.4293,27.18,57,75,3.97,VE,02/08/2023 22:47:37
255,pathalgaon,22.5667,83.4667,22.0,23,27,1.33,IN,02/08/2023 22:47:38
256,barranca,-10.75,-77.7667,22.42,82,27,2.65,PE,02/08/2023 22:47:38
257,nanortalik,60.1432,-45.2371,-3.39,87,100,3.97,GL,02/08/2023 22:43:55
258,vardo,70.3705,31.1107,1.99,75,99,19.55,NO,02/08/2023 22:43:39
259,balgazyn,51.0,95.2,-14.66,87,100,1.46,RU,02/08/2023 22:47:38
260,kavieng,-2.5744,150.7967,28.59,71,100,2.75,PG,02/08/2023 22:44:36
261,chuy,-33.6971,-53.4616,21.56,93,32,3.22,UY,02/08/2023 22:43:26
262,fare,-16.7,-151.0167,27.45,72,7,3.39,PF,02/08/2023 22:43:23
263,banda aceh,25.4833,80.3333,20.13,32,0,2.7,IN,02/08/2023 22:47:39
264,kavaratti,10.5669,72.642,26.36,70,100,1.73,IN,02/08/2023 22:45:42
265,baghdad,33.3406,44.4009,3.95,100,0,1.03,IQ,02/08/2023 22:47:39
266,bintulu,3.1667,113.0333,30.23,66,20,1.54,MY,02/08/2023 22:47:40
267,hay river,52.0705,-3.1274,7.38,97,100,1.33,GB,02/08/2023 22:47:40
268,nara,34.6851,135.8049,9.16,31,58,4.39,JP,02/08/2023 22:47:41
269,meulaboh,4.1363,96.1285,28.76,66,79,1.28,ID,02/08/2023 22:45:34
270,esperance,-33.8667,121.9,21.02,64,29,5.89,AU,02/08/2023 22:45:07
271,yar-sale,66.8333,70.8333,-12.92,96,94,4.72,RU,02/08/2023 22:42:51
272,margate,51.3813,1.3862,2.61,91,95,4.86,GB,02/08/2023 22:43:04
273,mana,5.6592,-53.7767,24.13,89,100,4.23,GF,02/08/2023 22:47:41
274,nizhnyaya omka,63.4737,41.607,-0.61,87,99,5.42,RU,02/08/2023 22:47:42
275,erenhot,43.6475,111.9767,-3.41,69,100,4.46,CN,02/08/2023 22:47:42
276,ostrovnoy,68.0531,39.5131,0.16,85,100,17.88,RU,02/08/2023 22:44:43
277,westerlo,51.0905,4.9154,0.55,73,27,3.6,BE,02/08/2023 22:47:43
278,west plains,31.8024,-97.0917,6.68,88,0,2.06,US,02/08/2023 22:47:43
279,bayir,37.2687,28.2167,-0.71,71,32,2.39,TR,02/08/2023 22:47:43
280,kiunga,-6.1219,141.2906,27.14,86,100,2.69,PG,02/08/2023 22:47:44
281,roald,62.5833,6.1333,6.53,75,20,10.29,NO,02/08/2023 22:44:41
282,yumen,40.2833,97.2,0.48,39,11,4.47,CN,02/08/2023 22:44:49
283,tsabong,-26.0217,22.401,20.36,70,38,3.23,BW,02/08/2023 22:47:44
284,coelho neto,-8.8485,-39.2117,22.53,67,48,6.0,BR,02/08/2023 22:47:45
285,cherskiy,68.75,161.3,-35.19,98,100,3.2,RU,02/08/2023 22:44:07
286,ojinaga,29.5667,-104.4167,12.45,53,0,1.54,MX,02/08/2023 22:44:02
287,morondava,-20.2833,44.2833,24.87,86,99,2.43,MG,02/08/2023 22:47:45
288,kushiro,42.975,144.3747,-4.47,74,75,5.66,JP,02/08/2023 22:47:45
289,mujiayingzi,42.1167,118.7833,-1.59,46,100,3.81,CN,02/08/2023 22:47:46
290,sal rei,32.5694,35.9119,2.34,73,71,0.95,JO,02/08/2023 22:47:46
291,fukue,32.6881,128.8419,11.2,54,0,4.12,JP,02/08/2023 22:45:38
292,adrar,20.5022,-10.0711,19.11,16,97,3.31,MR,02/08/2023 22:43:59
293,riyadh,24.6877,46.7219,10.08,48,56,5.01,SA,02/08/2023 22:47:47
294,senanga,-16.1167,23.2667,18.52,98,100,2.66,ZM,02/08/2023 22:47:47
295,brae,60.3964,-1.353,4.66,68,99,15.07,GB,02/08/2023 22:47:47
296,olafsvik,64.8945,-23.7142,-4.43,60,100,9.69,IS,02/08/2023 22:44:24
297,katunino,64.3862,40.6298,-2.06,88,99,6.19,RU,02/08/2023 22:47:48
298,nanakuli,21.3906,-158.1547,25.97,51,0,6.17,US,02/08/2023 22:47:48
299,russell,32.3502,-85.1999,20.57,88,0,0.0,US,02/08/2023 22:47:48
300,mrakovo,52.7161,56.6244,-12.66,96,100,1.55,RU,02/08/2023 22:47:49
301,broome,42.2506,-75.833,3.21,67,0,2.57,US,02/08/2023 22:42:46
302,samut sakhon,14.6996,103.3129,33.34,41,14,3.25,TH,02/08/2023 22:47:49
303,mao,39.8885,4.2658,7.31,81,20,1.03,ES,02/08/2023 22:47:49
304,jiangyou,31.7667,104.7167,10.46,80,100,1.48,CN,02/08/2023 22:47:50
305,bilibino,68.0546,166.4372,-41.5,98,66,0.64,RU,02/08/2023 22:43:34
306,san cristobal,13.3034,-4.8956,24.82,15,0,3.94,ML,02/08/2023 22:47:50
307,chapais,49.7834,-74.8492,-20.12,100,68,0.84,CA,02/08/2023 22:47:50
308,esna,25.2934,32.554,7.01,44,100,2.65,EG,02/08/2023 22:47:51
309,aden,12.7794,45.0367,24.41,72,2,1.37,YE,02/08/2023 22:47:51
310,darhan,49.4867,105.9228,-16.55,89,30,1.76,MN,02/08/2023 22:43:02
311,tarskoye,42.967,44.7711,-11.86,95,100,0.58,RU,02/08/2023 22:47:51
312,vilhena,-12.7406,-60.1458,20.49,95,100,0.66,BR,02/08/2023 22:47:52
313,padang,-0.9492,100.3543,28.03,70,97,1.85,ID,02/08/2023 22:44:28
314,fernie,49.5,-115.0687,-1.89,98,98,0.65,CA,02/08/2023 22:47:52
315,qasigiannguit,68.8193,-51.1922,-21.86,80,85,1.16,GL,02/08/2023 22:47:52
316,marmarion,38.0484,24.3204,3.65,68,100,10.47,GR,02/08/2023 22:47:53
317,anadyr,64.75,177.4833,-33.72,66,0,5.0,RU,02/08/2023 22:42:36
318,llanes,43.4198,-4.7549,7.72,74,1,1.67,ES,02/08/2023 22:47:53
319,calvinia,-31.4707,19.776,18.67,62,4,2.7,ZA,02/08/2023 22:47:53
320,veraval,20.9,70.3667,24.82,33,19,3.64,IN,02/08/2023 22:47:54
321,malakal,9.5334,31.6605,21.62,15,11,3.58,SS,02/08/2023 22:47:54
322,sirpur,19.4833,79.6,25.34,18,33,2.58,IN,02/08/2023 22:47:54
323,boca do acre,45.679,8.4087,0.03,56,100,0.78,IT,02/08/2023 22:47:55
324,shelburne,44.0787,-80.2041,0.25,96,100,2.1,CA,02/08/2023 22:45:11
325,gandia,38.9667,-0.1833,10.96,89,100,1.34,ES,02/08/2023 22:47:55
326,hasaki,35.7333,140.8333,11.27,37,8,7.94,JP,02/08/2023 22:42:12
327,ancud,-41.8697,-73.8203,14.26,97,11,2.96,CL,02/08/2023 22:43:13
328,bilma,18.6853,12.9164,17.88,19,0,3.37,NE,02/08/2023 22:45:50
329,haines junction,59.2286,-135.4441,1.86,75,0,2.57,US,02/08/2023 22:47:55
330,manati,18.4275,-66.4921,25.5,85,22,6.98,PR,02/08/2023 22:47:56
331,viking,53.1001,-111.7684,-7.08,97,52,2.96,CA,02/08/2023 22:47:56
332,picui,-6.5106,-36.3469,21.8,82,98,5.39,BR,02/08/2023 22:42:57
333,taoudenni,22.6783,-3.9836,19.18,19,98,5.85,ML,02/08/2023 22:47:56
334,leningradskiy,69.3833,178.4167,-27.68,97,100,2.55,RU,02/08/2023 22:42:04
335,almaznyy,48.0448,40.045,-11.89,95,24,2.62,RU,02/08/2023 22:47:57
336,bubaque,11.2833,-15.8333,23.42,66,1,4.73,GW,02/08/2023 22:47:57
337,ardakan,32.31,54.0175,5.8,47,0,1.93,IR,02/08/2023 22:47:57
338,keffi,8.8486,7.8736,23.28,19,94,1.86,NG,02/08/2023 22:47:58
339,jalu,29.0331,21.5482,10.12,48,43,6.55,LY,02/08/2023 22:47:58
340,zanjan,36.6736,48.4787,-4.17,63,100,13.89,IR,02/08/2023 22:47:58
341,jintur,19.6167,76.7,24.44,20,80,1.68,IN,02/08/2023 22:47:58
342,maine-soroa,13.2114,12.0241,18.5,18,88,5.0,NE,02/08/2023 22:47:59
343,tobermory,45.2501,-81.6665,2.6,85,82,4.87,CA,02/08/2023 22:47:59
344,necochea,-38.5473,-58.7368,17.4,86,0,2.91,AR,02/08/2023 22:45:39
345,altar,30.7,-111.8167,15.1,20,2,3.35,MX,02/08/2023 22:48:00
346,bandarbeyla,9.4942,50.8122,24.72,71,61,4.73,SO,02/08/2023 22:43:42
347,barsovo,61.1667,73.1667,-14.93,95,98,5.32,RU,02/08/2023 22:48:00
348,bourail,-21.5667,165.4833,28.11,75,100,1.68,NC,02/08/2023 22:48:00
349,indramayu,-6.3264,108.32,28.91,69,93,2.56,ID,02/08/2023 22:48:00
350,luganville,-15.5333,167.1667,28.83,72,100,2.84,VU,02/08/2023 22:48:01
351,mwense,-10.3845,28.698,17.15,97,100,1.4,ZM,02/08/2023 22:48:01
352,pisco,-13.7,-76.2167,22.03,88,0,5.66,PE,02/08/2023 22:43:42
353,skibbereen,51.55,-9.2667,4.56,85,12,2.14,IE,02/08/2023 22:48:02
354,fuerte olimpo,17.5381,120.3644,30.62,66,24,3.91,PH,02/08/2023 22:48:03
355,tanda,26.55,82.65,18.22,42,0,2.61,IN,02/08/2023 22:48:03
356,berlevag,70.8578,29.0864,2.97,70,100,17.49,NO,02/08/2023 22:44:52
357,trinidad,-14.8333,-64.9,22.42,97,100,0.3,BO,02/08/2023 22:48:04
358,huaiyin,33.5886,119.0192,4.95,88,100,5.18,CN,02/08/2023 22:48:04
359,khandyga,62.6667,135.6,-36.13,92,86,0.53,RU,02/08/2023 22:48:05
360,mackay,-21.15,149.2,29.27,72,97,10.05,AU,02/08/2023 22:43:40
361,tutoia,-2.7619,-42.2744,25.68,87,99,3.82,BR,02/08/2023 22:48:05
362,villavicencio,4.142,-73.6266,26.42,60,100,0.79,CO,02/08/2023 22:48:06
363,ilulissat,69.2167,-51.1,-21.99,64,20,2.06,GL,02/08/2023 22:44:13
364,versalles,48.8,2.1333,-1.11,81,0,1.03,FR,02/08/2023 22:45:49
365,naryan-mar,67.6713,53.087,-2.93,84,99,7.47,RU,02/08/2023 22:48:06
366,youkounkoun,12.5333,-13.1333,21.9,35,4,1.91,GN,02/08/2023 22:48:07
367,emerald,-23.5333,148.1667,27.41,53,91,7.15,AU,02/08/2023 22:45:56
368,kieta,-6.2167,155.6333,29.23,70,100,3.18,PG,02/08/2023 22:43:10
369,rovaniemi,66.5,25.7167,1.67,93,100,12.86,FI,02/08/2023 22:48:08
370,beisfjord,68.3751,17.5988,3.36,95,100,2.21,NO,02/08/2023 22:48:08
371,jian,27.1172,114.9793,10.82,95,100,3.68,CN,02/08/2023 22:48:08
372,nishihara,26.1842,127.7558,21.81,73,75,7.72,JP,02/08/2023 22:48:09
373,grafton,42.207,-71.6856,4.4,66,0,6.17,US,02/08/2023 22:46:31
374,brovst,57.0956,9.528,3.31,70,0,10.29,DK,02/08/2023 22:48:10
375,mukhen,48.1,136.1,-17.39,65,17,3.5,RU,02/08/2023 22:48:10
376,pasighat,28.0667,95.3333,21.99,40,74,0.78,IN,02/08/2023 22:48:11
377,jiaocheng,24.6774,116.1389,20.58,85,99,0.41,CN,02/08/2023 22:48:11
378,gat,31.61,34.7642,8.0,100,77,2.46,IL,02/08/2023 22:44:06
379,pevek,69.7008,170.3133,-34.47,100,100,3.05,RU,02/08/2023 22:45:50
380,puerto madryn,36.5939,-6.233,12.36,82,0,5.66,ES,02/08/2023 22:47:06
381,constitucion,-35.3333,-72.4167,15.83,73,12,4.81,CL,02/08/2023 22:43:22
382,tawang,27.5833,91.8667,5.34,57,55,2.3,IN,02/08/2023 22:48:12
383,strezhevoy,60.7333,77.5889,-15.92,96,100,4.03,RU,02/08/2023 22:48:13
384,chicama,-7.8447,-79.1469,21.3,78,50,1.95,PE,02/08/2023 22:48:13
385,aksha,50.2814,113.2867,-12.95,73,65,0.69,RU,02/08/2023 22:48:14
386,beringovskiy,63.05,179.3167,-31.46,93,22,2.37,RU,02/08/2023 22:42:53
387,vitim,59.4511,112.5578,-12.96,92,100,0.81,RU,02/08/2023 22:48:14
388,prince rupert,52.9669,-108.3847,-7.91,97,100,0.89,CA,02/08/2023 22:48:15
389,yenagoa,4.9247,6.2642,25.38,88,98,1.4,NG,02/08/2023 22:48:15
390,vostok,46.4856,135.8833,-18.12,81,90,4.47,RU,02/08/2023 22:41:58
391,tecoanapa,16.5167,-98.75,24.62,69,13,1.9,MX,02/08/2023 22:48:15
392,ak-dovurak,51.1833,90.6,-19.04,94,100,0.73,RU,02/08/2023 22:48:16
393,cabul-an,10.15,124.05,28.05,78,100,7.2,PH,02/08/2023 22:48:16
394,paamiut,61.994,-49.6678,-1.86,87,100,11.17,GL,02/08/2023 22:48:17
395,katangli,51.7102,143.2326,-22.96,75,13,6.06,RU,02/08/2023 22:48:17
396,solnechnyy,50.7214,136.6319,-19.18,80,74,2.03,RU,02/08/2023 22:43:52
397,korla,41.7597,86.1469,-0.81,58,49,2.65,CN,02/08/2023 22:48:18
398,dongying,37.4564,118.4856,6.15,29,100,3.48,CN,02/08/2023 22:48:18
399,jutai,-5.1833,-68.9,22.67,99,100,0.47,BR,02/08/2023 22:48:18
400,evensk,61.95,159.2333,-23.13,75,37,5.23,RU,02/08/2023 22:48:19
401,rawson,-43.3002,-65.1023,21.34,51,71,11.78,AR,02/08/2023 22:48:19
402,macapa,0.0389,-51.0664,25.99,94,20,1.54,BR,02/08/2023 22:48:20
403,suluq,31.6682,20.2521,10.15,65,0,12.6,LY,02/08/2023 22:48:07
404,atambua,-9.1061,124.8925,25.85,83,98,3.53,ID,02/08/2023 22:45:49
405,oranjemund,-28.55,16.4333,16.96,96,32,1.34,NA,02/08/2023 22:48:20
406,mabama,-5.1333,32.5333,17.22,96,100,1.79,TZ,02/08/2023 22:48:21
407,catalao,-18.1658,-47.9464,20.08,90,100,1.46,BR,02/08/2023 22:48:21
408,maceio,-9.6658,-35.7353,23.69,94,20,1.03,BR,02/08/2023 22:44:47
409,komsomolskiy,40.4272,71.7189,4.4,70,75,3.09,UZ,02/08/2023 22:44:08
410,kununurra,-15.7667,128.7333,33.99,49,40,5.14,AU,02/08/2023 22:42:40
411,otavi,-19.65,17.3333,17.6,85,68,2.89,NA,02/08/2023 22:48:22
412,katy,29.7858,-95.8244,9.97,91,0,0.89,US,02/08/2023 22:46:02
413,klyuchi,52.2667,79.1667,-20.43,100,97,1.75,RU,02/08/2023 22:46:00
414,manaure,11.7751,-72.4445,25.42,76,55,8.37,CO,02/08/2023 22:48:23
415,bushehr,28.9684,50.8385,14.05,58,75,3.09,IR,02/08/2023 22:48:23
416,arona,28.0996,-16.681,15.22,75,75,2.57,ES,02/08/2023 22:48:23
417,hofn,64.2539,-15.2082,-4.57,47,0,7.03,IS,02/08/2023 22:43:56
418,nichinan,31.6,131.3667,12.82,61,100,5.93,JP,02/08/2023 22:48:24
419,thinadhoo,0.5333,72.9333,27.32,72,100,3.0,MV,02/08/2023 22:48:24
420,peyima,8.7,-11.0333,20.39,92,42,1.02,SL,02/08/2023 22:48:25
421,colon,9.3592,-79.9014,23.03,80,36,2.68,PA,02/08/2023 22:44:21
422,fort saint john,52.6517,6.3861,0.07,69,95,4.49,NL,02/08/2023 22:45:06
423,sabang,5.8933,95.3214,27.69,74,76,6.06,ID,02/08/2023 22:43:45
424,akyab,20.15,92.9,24.26,41,33,1.91,MM,02/08/2023 22:48:25
425,altamira,-3.2033,-52.2064,22.12,99,99,0.95,BR,02/08/2023 22:48:26
426,goderich,43.7501,-81.7165,2.18,80,97,1.54,CA,02/08/2023 22:48:26
427,saint-francois,46.4154,3.9054,-5.74,93,3,0.0,FR,02/08/2023 22:43:32
428,port hardy,-7.0349,29.7638,21.43,81,100,1.42,CD,02/08/2023 22:47:05
429,imbituba,-28.24,-48.6703,22.95,90,63,4.55,BR,02/08/2023 22:42:15
430,mariental,-24.6333,17.9667,21.8,66,0,2.33,NA,02/08/2023 22:48:27
431,port blair,-7.0349,29.7638,21.43,81,100,1.42,CD,02/08/2023 22:46:24
432,capinzal,-27.3436,-51.6119,18.72,66,19,1.98,BR,02/08/2023 22:48:28
433,vetluzhskiy,58.3902,45.4654,-16.84,100,100,1.22,RU,02/08/2023 22:48:28
434,moron,-34.6534,-58.6198,26.1,72,10,1.78,AR,02/08/2023 22:45:54
435,oriximina,-1.7656,-55.8661,23.31,94,96,1.32,BR,02/08/2023 22:48:29
436,svetlogorsk,52.6333,29.7333,-7.89,95,97,2.58,BY,02/08/2023 22:48:30
437,dunmore east,41.4198,-75.6324,4.11,74,0,1.54,US,02/08/2023 22:47:36
438,port shepstone,-7.0349,29.7638,21.43,81,100,1.42,CD,02/08/2023 22:48:31
439,peterhead,57.5058,-1.7981,3.15,69,6,10.45,GB,02/08/2023 22:48:31
440,belaya gora,49.029,25.7706,-10.15,97,49,1.85,UA,02/08/2023 22:48:31
441,acapulco,16.8634,-99.8901,25.9,57,0,0.0,MX,02/08/2023 22:44:12
442,cairns,-16.9167,145.7667,30.06,79,100,3.6,AU,02/08/2023 22:47:35
443,hervey bay,33.4982,-93.7771,10.25,86,87,6.69,US,02/08/2023 22:48:32
444,avera,33.194,-82.5271,15.86,79,100,3.42,US,02/08/2023 22:48:32
445,nanchang,28.6833,115.8833,9.09,90,100,2.88,CN,02/08/2023 22:48:33
446,hami,42.8,93.45,3.24,38,100,1.91,CN,02/08/2023 22:48:33
447,jijiga,9.35,42.8,14.57,58,4,4.03,ET,02/08/2023 22:48:34
448,nome,64.5011,-165.4064,-17.96,78,100,3.09,US,02/08/2023 22:39:49
449,gladstone,-23.85,151.25,32.1,45,40,8.23,AU,02/08/2023 22:47:27
450,benalla,-36.55,145.9833,28.25,27,2,3.15,AU,02/08/2023 22:48:34
451,healdsburg,38.6105,-122.8692,12.6,74,0,2.06,US,02/08/2023 22:48:35
452,lasa,46.6166,10.7002,-5.91,70,32,0.8,IT,02/08/2023 22:48:35
453,baker city,30.5882,-91.1682,20.97,83,100,9.77,US,02/08/2023 22:48:36
454,sembakung,3.8167,117.25,31.7,52,46,1.1,ID,02/08/2023 22:48:36
455,vikindu,-7.0067,39.2985,22.8,94,100,2.06,TZ,02/08/2023 22:48:36
456,lompoc,34.6391,-120.4579,13.08,81,0,4.12,US,02/08/2023 22:43:01
457,tunoshna,57.5459,40.1254,-3.01,100,100,0.0,RU,02/08/2023 22:48:37
458,anchorage,61.2181,-149.9003,-4.97,91,100,0.0,US,02/08/2023 22:45:01
459,tungor,53.3808,142.9564,-26.77,89,95,7.07,RU,02/08/2023 22:48:37
460,sri aman,30.0381,-8.7951,4.58,49,0,3.14,MA,02/08/2023 22:48:38
461,boundiali,9.5217,-6.4869,24.29,73,96,1.67,CI,02/08/2023 22:48:38
462,japura,-0.3167,102.35,25.32,89,100,1.24,ID,02/08/2023 22:48:38
463,balikpapan,-1.2675,116.8289,27.55,74,20,1.03,ID,02/08/2023 22:48:38
464,souillac,-20.5167,57.5167,26.21,83,75,5.14,MU,02/08/2023 22:45:32
465,nyurba,63.2842,118.3319,-36.5,95,72,0.83,RU,02/08/2023 22:42:55
466,turkistan,43.0,68.0,-1.33,74,100,6.39,KZ,02/08/2023 22:48:39
467,zharkent,44.1628,80.0,-3.35,77,99,0.84,KZ,02/08/2023 22:48:39
468,port hueneme,-7.0349,29.7638,21.43,81,100,1.42,CD,02/08/2023 22:48:31
469,mala,-12.6581,-76.6308,22.55,90,70,2.53,PE,02/08/2023 22:48:40
470,kisarazu,35.3747,139.9225,11.7,32,80,6.29,JP,02/08/2023 22:48:40
471,ulladulla,-35.35,150.4667,21.53,88,100,5.57,AU,02/08/2023 22:48:40
472,sovetskaya gavan,44.7769,41.1722,-11.51,94,44,3.64,RU,02/08/2023 22:48:41
473,priiskovyy,51.9333,116.6333,-15.6,85,17,0.61,RU,02/08/2023 22:48:41
474,saint-andre-avellin,45.7168,-75.066,-2.79,98,80,0.98,CA,02/08/2023 22:48:41
475,san lorenzo,13.3034,-4.8956,24.82,15,0,3.94,ML,02/08/2023 22:48:42
476,namagiripettai,11.4667,78.2667,21.27,52,96,0.31,IN,02/08/2023 22:48:42
477,luau,-10.7073,22.2247,16.51,98,100,1.25,AO,02/08/2023 22:42:27
478,magadan,59.5667,150.8,-16.93,72,100,2.14,RU,02/08/2023 22:48:42
479,boguchany,58.3814,97.4531,-14.16,94,97,1.75,RU,02/08/2023 22:45:02
480,vila velha,42.0304,-8.1588,1.49,81,0,1.89,PT,02/08/2023 22:48:43
481,irmo,34.086,-81.1832,15.52,88,75,0.0,US,02/08/2023 22:48:43
482,caravelas,-17.7125,-39.2481,23.97,87,41,2.33,BR,02/08/2023 22:45:42
483,santiago del estero,-33.4569,-70.6483,26.81,49,0,2.06,CL,02/08/2023 22:44:39
484,urtenen,47.0267,7.5008,-3.32,85,6,0.51,CH,02/08/2023 22:48:44
485,arlit,18.7369,7.3853,20.54,18,0,2.79,NE,02/08/2023 22:48:44
486,kalengwa,-13.4659,25.0027,15.68,97,100,1.94,ZM,02/08/2023 22:48:45
487,grajau,-5.8194,-46.1386,21.42,94,52,1.07,BR,02/08/2023 22:48:45
488,kawalu,-7.3817,108.2082,24.17,89,100,0.36,ID,02/08/2023 22:48:45
489,mankono,8.0586,-6.1897,22.54,87,79,1.55,CI,02/08/2023 22:48:46
490,debre zeyit,41.525,20.5275,-6.55,75,60,3.29,MK,02/08/2023 22:48:46
491,haimen,23.1935,116.6142,16.94,85,100,6.44,CN,02/08/2023 22:45:18
492,corrente,-3.7367,-43.3394,22.02,98,74,1.27,BR,02/08/2023 22:48:46
493,mehamn,71.0357,27.8492,2.95,93,100,9.26,NO,02/08/2023 22:48:47
494,naze,28.3667,129.4833,17.51,69,100,7.75,JP,02/08/2023 22:42:05
495,kruisfontein,-34.0033,24.7314,17.16,80,95,1.07,ZA,02/08/2023 22:42:00
496,kasempa,-13.4584,25.8338,16.12,97,100,2.69,ZM,02/08/2023 22:48:47
497,pringsewu,-5.3582,104.9744,31.23,52,97,0.96,ID,02/08/2023 22:48:47
498,waddan,29.1614,16.139,11.12,43,0,4.72,LY,02/08/2023 22:48:48
499,kiama,-34.6833,150.8667,22.99,87,100,5.81,AU,02/08/2023 22:48:48
500,loukhi,66.0764,33.0381,1.56,81,100,8.57,RU,02/08/2023 22:48:48
501,kasiri,8.9412,-13.1148,22.92,78,4,1.63,SL,02/08/2023 22:48:49
502,pala,9.3642,14.9046,21.74,21,31,3.18,TD,02/08/2023 22:48:49
503,leeton,-34.5667,146.4,32.72,27,4,1.62,AU,02/08/2023 22:48:49
504,boende,-0.2167,20.8667,20.88,93,49,1.41,CD,02/08/2023 22:45:29
505,beidao,34.5686,105.8933,5.89,43,2,0.24,CN,02/08/2023 22:48:50
506,sladkovo,55.5284,70.3385,-17.35,96,100,4.32,RU,02/08/2023 22:48:50
507,tha bo,14.9604,105.7212,29.87,36,19,1.05,LA,02/08/2023 22:48:50
508,batticaloa,7.7102,81.6924,26.53,77,88,3.86,LK,02/08/2023 22:48:51
509,snezhnogorsk,69.1933,33.2531,1.88,80,100,15.64,RU,02/08/2023 22:48:51
510,half moon bay,6.3807,-10.6953,22.94,88,82,1.46,LR,02/08/2023 22:48:51
511,trnava,48.3774,17.5872,-2.66,77,1,2.1,SK,02/08/2023 22:48:52
512,buraydah,26.326,43.975,8.25,40,100,2.58,SA,02/08/2023 22:48:52
513,belmonte,-15.8631,-38.8828,24.8,78,74,3.3,BR,02/08/2023 22:48:52
514,kandrian,-6.2167,149.55,27.56,82,100,7.16,PG,02/08/2023 22:43:28
515,bestobe,52.4994,73.0975,-24.62,100,100,1.63,KZ,02/08/2023 22:48:53
516,sunrise manor,26.1577,-80.2861,24.01,71,40,6.69,US,02/08/2023 22:48:53
517,ponta delgada,38.7333,-28.2667,8.7,72,98,3.62,PT,02/08/2023 22:48:53
518,suntar,62.1444,117.6319,-33.39,94,78,0.84,RU,02/08/2023 22:48:53
519,saint-denis,48.9167,2.3333,-0.48,78,0,1.54,FR,02/08/2023 22:48:54
520,klaksvik,62.2266,-6.589,2.51,69,86,19.74,FO,02/08/2023 22:48:54
521,westport,41.1415,-73.3579,6.08,66,0,0.45,US,02/08/2023 22:48:54
522,inhambane,-23.865,35.3833,25.47,88,55,2.36,MZ,02/08/2023 22:48:55
523,yichang,30.7144,111.2847,6.83,87,100,0.53,CN,02/08/2023 22:45:59
524,saint-joseph,-21.3667,55.6167,26.21,79,62,4.01,RE,02/08/2023 22:43:52
525,rio gallegos,38.3,21.7833,5.42,59,94,8.7,GR,02/08/2023 22:46:48
526,moratuwa,6.773,79.8816,25.01,71,87,1.74,LK,02/08/2023 22:48:55
527,samana,19.2056,-69.3369,22.93,85,74,4.74,DO,02/08/2023 22:48:56
528,coihaique,-45.5752,-72.0662,17.97,63,0,1.54,CL,02/08/2023 22:41:58
529,kalaleh,37.3807,55.4916,3.78,93,100,0.0,IR,02/08/2023 22:48:56
530,tselinnoye,53.0833,85.6667,-17.85,100,99,1.16,RU,02/08/2023 22:48:56
531,dossor,47.5272,52.9811,-15.0,88,5,3.23,KZ,02/08/2023 22:48:56
532,phalaborwa,-23.943,31.1411,21.63,94,96,3.16,ZA,02/08/2023 22:48:57
533,oyama,36.3,139.8,9.77,19,1,3.13,JP,02/08/2023 22:48:57
534,kajaani,64.2273,27.7285,1.03,86,75,8.75,FI,02/08/2023 22:48:57
535,kungurtug,50.5994,97.5228,-11.43,81,100,0.49,RU,02/08/2023 22:48:58
536,ron phibun,15.6667,75.7333,26.65,42,86,3.18,IN,02/08/2023 22:48:58
537,severodvinsk,64.5635,39.8302,-1.94,87,100,7.59,RU,02/08/2023 22:48:58
538,buala,-8.145,159.5921,28.56,75,97,2.1,SB,02/08/2023 22:44:39
539,aksarka,66.5606,67.7975,-19.21,93,62,2.46,RU,02/08/2023 22:48:59
540,dzhebariki-khaya,62.2167,135.8,-35.42,92,90,0.24,RU,02/08/2023 22:48:59
541,egvekinot,66.3167,-179.1667,-25.95,96,100,2.14,RU,02/08/2023 22:48:59
542,sibolga,1.7427,98.7792,29.86,56,65,2.02,ID,02/08/2023 22:49:00
543,arnstadt,50.8333,10.95,-3.14,76,0,3.09,DE,02/08/2023 22:49:00
